filename,success
distil1000/multi_agent_visuals/3367502.mmd,success
distil1000/multi_agent_visuals/40679197.mmd,success
distil1000/multi_agent_visuals/34645856.mmd,fail
distil1000/multi_agent_visuals/41541564.mmd,fail
distil1000/multi_agent_visuals/7079065.mmd,success
distil1000/multi_agent_visuals/561703.mmd,fail
distil1000/multi_agent_visuals/5484200.mmd,success
distil1000/multi_agent_visuals/12099524.mmd,success
distil1000/multi_agent_visuals/34826268.mmd,fail
distil1000/multi_agent_visuals/27655957.mmd,success
distil1000/multi_agent_visuals/16276247.mmd,success
distil1000/multi_agent_visuals/5617375.mmd,success
distil1000/multi_agent_visuals/7038978.mmd,success
distil1000/multi_agent_visuals/6195197.ipynb.mmd,success
distil1000/multi_agent_visuals/23952085.mmd,success
distil1000/multi_agent_visuals/24365074.mmd,success
distil1000/multi_agent_visuals/1163589.mmd,success
distil1000/multi_agent_visuals/34047822.mmd,success
distil1000/multi_agent_visuals/36317618.mmd,success
distil1000/multi_agent_visuals/12157473.mmd,success
distil1000/multi_agent_visuals/5467574.mmd,success
distil1000/multi_agent_visuals/29157519.mmd,success
distil1000/multi_agent_visuals/10303608.mmd,success
distil1000/multi_agent_visuals/19552302.mmd,success
distil1000/multi_agent_visuals/20926094.mmd,success
distil1000/multi_agent_visuals/55546.mmd,success
distil1000/multi_agent_visuals/256929.mmd,success
distil1000/multi_agent_visuals/12031091.mmd,success
distil1000/multi_agent_visuals/17167838.mmd,success
distil1000/multi_agent_visuals/13868855.mmd,success
distil1000/multi_agent_visuals/21453630.mmd,success
distil1000/multi_agent_visuals/15627631.mmd,success
distil1000/multi_agent_visuals/28675378.mmd,success
distil1000/multi_agent_visuals/1477050.mmd,success
distil1000/multi_agent_visuals/29811858.mmd,success
distil1000/multi_agent_visuals/7477255.mmd,success
distil1000/multi_agent_visuals/4797661.mmd,success
distil1000/multi_agent_visuals/36410701.mmd,success
distil1000/multi_agent_visuals/16213838.mmd,success
distil1000/multi_agent_visuals/13868855.ipynb.mmd,success
distil1000/multi_agent_visuals/22888516.mmd,success
distil1000/multi_agent_visuals/36159135.mmd,fail
distil1000/multi_agent_visuals/42911089.mmd,success
distil1000/multi_agent_visuals/19101340.mmd,success
distil1000/multi_agent_visuals/5298667.mmd,success
distil1000/multi_agent_visuals/15890133.mmd,fail
distil1000/multi_agent_visuals/17437168.mmd,fail
distil1000/multi_agent_visuals/26510343.mmd,success
distil1000/multi_agent_visuals/12878825.mmd,success
distil1000/multi_agent_visuals/42204724.mmd,success
distil1000/multi_agent_visuals/23667222.mmd,fail
distil1000/multi_agent_visuals/9280100.mmd,success
distil1000/multi_agent_visuals/21993128.mmd,success
distil1000/multi_agent_visuals/24639448.mmd,fail
distil1000/multi_agent_visuals/18399513.mmd,success
distil1000/multi_agent_visuals/6390435.mmd,success
distil1000/multi_agent_visuals/40937543.mmd,success
distil1000/multi_agent_visuals/11522238.mmd,success
distil1000/multi_agent_visuals/9163425.mmd,success
distil1000/multi_agent_visuals/2247665.mmd,success
distil1000/multi_agent_visuals/22898868.mmd,fail
distil1000/multi_agent_visuals/23077685.mmd,success
distil1000/multi_agent_visuals/34373094.mmd,success
distil1000/multi_agent_visuals/11735529.mmd,success
distil1000/multi_agent_visuals/16297482.mmd,success
distil1000/multi_agent_visuals/13835749.mmd,fail
distil1000/multi_agent_visuals/4513849.mmd,success
distil1000/multi_agent_visuals/136054.mmd,success
distil1000/multi_agent_visuals/22207964.mmd,fail
distil1000/multi_agent_visuals/1381763.mmd,success
distil1000/multi_agent_visuals/38756492.mmd,success
distil1000/multi_agent_visuals/34852110.mmd,success
distil1000/multi_agent_visuals/6331952.mmd,success
distil1000/multi_agent_visuals/11293871.mmd,fail
distil1000/multi_agent_visuals/9785891.mmd,fail
distil1000/multi_agent_visuals/22372647.mmd,success
distil1000/multi_agent_visuals/36113780_visual.mmd,fail
distil1000/multi_agent_visuals/9449748.mmd,fail
distil1000/multi_agent_visuals/23634069.mmd,success
distil1000/multi_agent_visuals/21736991.mmd,fail
distil1000/multi_agent_visuals/1806545.mmd,fail
distil1000/multi_agent_visuals/11847996.mmd,success
distil1000/multi_agent_visuals/14197646.mmd,success
distil1000/multi_agent_visuals/41803337.mmd,success
distil1000/multi_agent_visuals/32908225.mmd,fail
distil1000/multi_agent_visuals/39840107.mmd,success
distil1000/multi_agent_visuals/17586775.mmd,success
distil1000/multi_agent_visuals/1824684.mmd,success
distil1000/multi_agent_visuals/41981122.mmd,success
distil1000/multi_agent_visuals/14146037.mmd,success
distil1000/multi_agent_visuals/20210297.mmd,success
distil1000/multi_agent_visuals/6127024.mmd,success
distil1000/multi_agent_visuals/18423004.mmd,success
distil1000/multi_agent_visuals/8849365.mmd,fail
distil1000/multi_agent_visuals/27891661.mmd,success
distil1000/multi_agent_visuals/25992539.mmd,fail
distil1000/multi_agent_visuals/17414763.mmd,success
distil1000/multi_agent_visuals/20885880.mmd,fail
distil1000/multi_agent_visuals/12949196.mmd,success
distil1000/multi_agent_visuals/6639086.mmd,fail
distil1000/multi_agent_visuals/14780830.mmd,success
distil1000/multi_agent_visuals/13878260.mmd,success
distil1000/multi_agent_visuals/19441490_no_icons.mmd,success
distil1000/multi_agent_visuals/7988009.mmd,success
distil1000/multi_agent_visuals/12279297.mmd,success
distil1000/multi_agent_visuals/27939464.mmd,fail
distil1000/multi_agent_visuals/30161131.mmd,fail
distil1000/multi_agent_visuals/24644049.mmd,success
distil1000/multi_agent_visuals/37536205.mmd,success
distil1000/multi_agent_visuals/23791189.mmd,fail
distil1000/multi_agent_visuals/147657.mmd,fail
distil1000/multi_agent_visuals/26265385.mmd,fail
distil1000/multi_agent_visuals/19735455.mmd,success
distil1000/multi_agent_visuals/31608023.mmd,success
distil1000/multi_agent_visuals/22224821.mmd,success
distil1000/multi_agent_visuals/21038062.mmd,success
distil1000/multi_agent_visuals/27940429.mmd,success
distil1000/multi_agent_visuals/14415070.mmd,success
distil1000/multi_agent_visuals/1735578.mmd,fail
distil1000/multi_agent_visuals/17154204.mmd,fail
distil1000/multi_agent_visuals/20922784.mmd,success
distil1000/multi_agent_visuals/10950693.mmd,success
distil1000/multi_agent_visuals/24511595.mmd,success
distil1000/multi_agent_visuals/2528770.mmd,fail
distil1000/multi_agent_visuals/9599785.mmd,success
distil1000/multi_agent_visuals/5333769.mmd,success
distil1000/multi_agent_visuals/23634656.mmd,success
distil1000/multi_agent_visuals/27953051.mmd,fail
distil1000/multi_agent_visuals/38163924.mmd,success
distil1000/multi_agent_visuals/27806285.mmd,success
distil1000/multi_agent_visuals/12164109.mmd,success
distil1000/multi_agent_visuals/1824684.ipynb.mmd,success
distil1000/multi_agent_visuals/24968965.mmd,success
distil1000/multi_agent_visuals/21835500.mmd,success
distil1000/multi_agent_visuals/20328733.mmd,fail
distil1000/multi_agent_visuals/20443487.mmd,success
distil1000/multi_agent_visuals/7595940.mmd,success
distil1000/multi_agent_visuals/19466699.mmd,fail
distil1000/multi_agent_visuals/6754527.mmd,success
distil1000/multi_agent_visuals/15856760.mmd,success
distil1000/multi_agent_visuals/14945192.mmd,success
distil1000/multi_agent_visuals/22120747.mmd,success
distil1000/multi_agent_visuals/189059.mmd,fail
distil1000/multi_agent_visuals/1931265.mmd,fail
distil1000/multi_agent_visuals/26401062.mmd,success
distil1000/multi_agent_visuals/33006016.mmd,success
distil1000/multi_agent_visuals/5201915.mmd,success
distil1000/multi_agent_visuals/34683419.mmd,success
distil1000/multi_agent_visuals/16130324.mmd,success
distil1000/multi_agent_visuals/21021069.mmd,success
distil1000/multi_agent_visuals/22678171.mmd,success
distil1000/multi_agent_visuals/24803268.mmd,success
distil1000/multi_agent_visuals/43998153.mmd,fail
distil1000/multi_agent_visuals/4553516.mmd,success
distil1000/multi_agent_visuals/8483192.mmd,fail
distil1000/multi_agent_visuals/30594614.mmd,success
distil1000/multi_agent_visuals/32177667.mmd,fail
distil1000/multi_agent_visuals/10919087.mmd,success
distil1000/multi_agent_visuals/29077828.mmd,success
distil1000/multi_agent_visuals/35874207.mmd,success
distil1000/multi_agent_visuals/9151686.mmd,success
distil1000/multi_agent_visuals/14504181.mmd,success
distil1000/multi_agent_visuals/10961667.mmd,fail
distil1000/multi_agent_visuals/7946000.mmd,success
distil1000/multi_agent_visuals/38010881.mmd,success
distil1000/multi_agent_visuals/19652354.mmd,success
distil1000/multi_agent_visuals/8010524.mmd,fail
distil1000/multi_agent_visuals/4616971.mmd,success
distil1000/multi_agent_visuals/15948167.mmd,success
distil1000/multi_agent_visuals/39818544.mmd,fail
distil1000/multi_agent_visuals/25346543.mmd,success
distil1000/multi_agent_visuals/16195955.mmd,success
distil1000/multi_agent_visuals/1143885.mmd,fail
distil1000/multi_agent_visuals/15929228.mmd,success
distil1000/multi_agent_visuals/2297735.mmd,success
distil1000/multi_agent_visuals/10908608_fixed.mmd,success
distil1000/multi_agent_visuals/1613345.mmd,success
distil1000/multi_agent_visuals/11743731.mmd,fail
distil1000/multi_agent_visuals/36080321.mmd,success
distil1000/multi_agent_visuals/13857054.mmd,success
distil1000/multi_agent_visuals/34137090.mmd,fail
distil1000/multi_agent_visuals/8157055.mmd,success
distil1000/multi_agent_visuals/1813210.mmd,success
distil1000/multi_agent_visuals/17101856.mmd,success
distil1000/multi_agent_visuals/34346846.mmd,success
distil1000/multi_agent_visuals/28486612.mmd,success
distil1000/multi_agent_visuals/19272604.mmd,fail
distil1000/multi_agent_visuals/44181450.mmd,success
distil1000/multi_agent_visuals/11312088.mmd,success
distil1000/multi_agent_visuals/4013994.mmd,fail
distil1000/multi_agent_visuals/35142594.mmd,success
distil1000/multi_agent_visuals/4666017.mmd,success
distil1000/multi_agent_visuals/17309051_no_images.mmd,success
distil1000/multi_agent_visuals/16674798.mmd,success
distil1000/multi_agent_visuals/10982558.mmd,success
distil1000/multi_agent_visuals/6559624.mmd,success
distil1000/multi_agent_visuals/19334269.mmd,success
distil1000/multi_agent_visuals/29034787.mmd,success
distil1000/multi_agent_visuals/23959400.mmd,success
distil1000/multi_agent_visuals/21539886.mmd,success
distil1000/multi_agent_visuals/30252297.mmd,success
distil1000/multi_agent_visuals/4737932.mmd,success
distil1000/multi_agent_visuals/8980920.mmd,fail
distil1000/multi_agent_visuals/16310229.mmd,success
distil1000/multi_agent_visuals/4956902.mmd,fail
distil1000/multi_agent_visuals/19441490.mmd,success
distil1000/multi_agent_visuals/9021887.mmd,success
distil1000/multi_agent_visuals/5153120.mmd,success
distil1000/multi_agent_visuals/32352809.mmd,success
distil1000/multi_agent_visuals/11164986.mmd,fail
distil1000/multi_agent_visuals/16631212.mmd,success
distil1000/multi_agent_visuals/10413391.mmd,success
distil1000/multi_agent_visuals/9851511.mmd,success
distil1000/multi_agent_visuals/16854905.mmd,fail
distil1000/multi_agent_visuals/10495876.mmd,success
distil1000/multi_agent_visuals/22767803.mmd,success
distil1000/multi_agent_visuals/24348033.mmd,success
distil1000/multi_agent_visuals/41225894_diagram.mmd,success
distil1000/multi_agent_visuals/14361861.mmd,success
distil1000/multi_agent_visuals/14745739.mmd,success
distil1000/multi_agent_visuals/14603036.mmd,success
distil1000/multi_agent_visuals/9599469.mmd,success
distil1000/multi_agent_visuals/17159341.mmd,fail
distil1000/multi_agent_visuals/3387441.mmd,success
distil1000/multi_agent_visuals/18403403.mmd,success
distil1000/multi_agent_visuals/361909.mmd,success
distil1000/multi_agent_visuals/13972267.mmd,success
distil1000/multi_agent_visuals/368246.mmd,success
distil1000/multi_agent_visuals/85666.mmd,success
distil1000/multi_agent_visuals/24724452.mmd,fail
distil1000/multi_agent_visuals/5144489.mmd,fail
distil1000/multi_agent_visuals/3123978.mmd,success
distil1000/multi_agent_visuals/8935357.mmd,success
distil1000/multi_agent_visuals/8552037.mmd,success
distil1000/multi_agent_visuals/304217.mmd,success
distil1000/multi_agent_visuals/37013200.mmd,success
distil1000/multi_agent_visuals/4527224.mmd,success
distil1000/multi_agent_visuals/29987457.mmd,success
distil1000/multi_agent_visuals/7951243.mmd,success
distil1000/multi_agent_visuals/12371451.mmd,fail
distil1000/multi_agent_visuals/32975656.mmd,success
distil1000/multi_agent_visuals/3916428.mmd,fail
distil1000/multi_agent_visuals/6961244_complete.mmd,success
distil1000/multi_agent_visuals/21267037.mmd,success
distil1000/multi_agent_visuals/26226966.mmd,success
distil1000/multi_agent_visuals/4500466.mmd,fail
distil1000/multi_agent_visuals/19785119.mmd,success
distil1000/multi_agent_visuals/4736756.mmd,fail
distil1000/multi_agent_visuals/11463372.mmd,success
distil1000/multi_agent_visuals/11039076.mmd,fail
distil1000/multi_agent_visuals/4156776.mmd,success
distil1000/multi_agent_visuals/22527708.mmd,success
distil1000/multi_agent_visuals/22349507.mmd,success
distil1000/multi_agent_visuals/57255.mmd,success
distil1000/multi_agent_visuals/6195197.mmd,success
distil1000/multi_agent_visuals/3285284.mmd,success
distil1000/multi_agent_visuals/30124552.mmd,success
distil1000/multi_agent_visuals/25307608.mmd,success
distil1000/multi_agent_visuals/40423278.mmd,success
distil1000/multi_agent_visuals/26898296.mmd,fail
distil1000/multi_agent_visuals/21342476.mmd,success
distil1000/multi_agent_visuals/73877.mmd,fail
distil1000/multi_agent_visuals/13175617.mmd,fail
distil1000/multi_agent_visuals/22088654.mmd,success
distil1000/multi_agent_visuals/22523998.mmd,success
distil1000/multi_agent_visuals/16679494.mmd,success
distil1000/multi_agent_visuals/21168353.mmd,success
distil1000/multi_agent_visuals/24357909.mmd,fail
distil1000/multi_agent_visuals/10959164.mmd,success
distil1000/multi_agent_visuals/6961244.mmd,success
distil1000/multi_agent_visuals/11673095.mmd,success
distil1000/multi_agent_visuals/318834.mmd,success
distil1000/multi_agent_visuals/10499087.mmd,success
distil1000/multi_agent_visuals/1634638.mmd,success
distil1000/multi_agent_visuals/2060210.mmd,success
distil1000/multi_agent_visuals/20649984.mmd,success
distil1000/multi_agent_visuals/26793876.mmd,fail
distil1000/multi_agent_visuals/12763503.mmd,success
distil1000/multi_agent_visuals/31115263.mmd,success
distil1000/multi_agent_visuals/11591532.mmd,success
distil1000/multi_agent_visuals/14431628.mmd,success
distil1000/multi_agent_visuals/13862138.mmd,fail
distil1000/multi_agent_visuals/16049309.mmd,success
distil1000/multi_agent_visuals/107577.mmd,success
distil1000/multi_agent_visuals/11650301.mmd,success
distil1000/multi_agent_visuals/41441138.mmd,success
distil1000/multi_agent_visuals/2096020.mmd,success
distil1000/multi_agent_visuals/18041574.mmd,fail
distil1000/multi_agent_visuals/8086724.mmd,success
distil1000/multi_agent_visuals/9335131.mmd,success
distil1000/multi_agent_visuals/16902402.mmd,success
distil1000/multi_agent_visuals/17964486.mmd,fail
distil1000/multi_agent_visuals/7793683.mmd,fail
distil1000/multi_agent_visuals/37857172.mmd,fail
distil1000/multi_agent_visuals/20017095.mmd,fail
distil1000/multi_agent_visuals/9047319.mmd,success
distil1000/multi_agent_visuals/34289981.mmd,success
distil1000/multi_agent_visuals/21284975.mmd,success
distil1000/multi_agent_visuals/19942462.mmd,success
distil1000/multi_agent_visuals/27996178.mmd,success
distil1000/multi_agent_visuals/4682786.mmd,success
distil1000/multi_agent_visuals/1420231.mmd,fail
distil1000/multi_agent_visuals/31121714.mmd,success
distil1000/multi_agent_visuals/38657139.mmd,success
distil1000/multi_agent_visuals/31545529.mmd,success
distil1000/multi_agent_visuals/17309051.mmd,success
distil1000/multi_agent_visuals/10326968.mmd,fail
distil1000/multi_agent_visuals/17229418.mmd,success
distil1000/multi_agent_visuals/42241355.mmd,fail
distil1000/multi_agent_visuals/16682792.mmd,success
distil1000/multi_agent_visuals/30801597.mmd,fail
distil1000/multi_agent_visuals/4777889.mmd,success
distil1000/multi_agent_visuals/17893150.mmd,success
distil1000/multi_agent_visuals/41978468.mmd,success
distil1000/multi_agent_visuals/799310.mmd,success
distil1000/multi_agent_visuals/1471888.mmd,success
distil1000/multi_agent_visuals/8045209.mmd,success
distil1000/multi_agent_visuals/2632281.mmd,success
distil1000/multi_agent_visuals/14438169.mmd,success
distil1000/multi_agent_visuals/19243754.mmd,success
distil1000/multi_agent_visuals/8854584.mmd,fail
distil1000/multi_agent_visuals/22252082.mmd,success
distil1000/multi_agent_visuals/30370026.mmd,success
distil1000/multi_agent_visuals/16832677.mmd,success
distil1000/multi_agent_visuals/12184894.mmd,success
distil1000/multi_agent_visuals/13644917.mmd,success
distil1000/multi_agent_visuals/27839363.mmd,fail
distil1000/multi_agent_visuals/38473432.mmd,fail
distil1000/multi_agent_visuals/2846440.mmd,success
distil1000/multi_agent_visuals/11473991.mmd,success
distil1000/multi_agent_visuals/5017798.mmd,success
distil1000/multi_agent_visuals/27162479.mmd,success
distil1000/multi_agent_visuals/217442.mmd,success
distil1000/multi_agent_visuals/9062617.mmd,success
distil1000/multi_agent_visuals/3085028.mmd,success
distil1000/multi_agent_visuals/10214930.mmd,success
distil1000/multi_agent_visuals/4738755.mmd,fail
distil1000/multi_agent_visuals/40364197.mmd,success
distil1000/multi_agent_visuals/16723245.visual.mmd,success
distil1000/multi_agent_visuals/11556126.mmd,fail
distil1000/multi_agent_visuals/9967307.mmd,success
distil1000/multi_agent_visuals/28364386.mmd,success
distil1000/multi_agent_visuals/886748.mmd,success
distil1000/multi_agent_visuals/7948686.mmd,success
distil1000/multi_agent_visuals/30109430.mmd,success
distil1000/multi_agent_visuals/7513586.mmd,fail
distil1000/multi_agent_visuals/7889757.mmd,success
distil1000/multi_agent_visuals/18452493.mmd,success
distil1000/multi_agent_visuals/4875255.mmd,success
distil1000/multi_agent_visuals/10196004.mmd,success
distil1000/multi_agent_visuals/40712589.mmd,success
distil1000/multi_agent_visuals/16845948.mmd,fail
distil1000/multi_agent_visuals/2689792.mmd,success
distil1000/multi_agent_visuals/775029.mmd,success
distil1000/multi_agent_visuals/7142728.mmd,success
distil1000/multi_agent_visuals/20788480.mmd,success
distil1000/multi_agent_visuals/29050750.mmd,fail
distil1000/multi_agent_visuals/8967180.mmd,success
distil1000/multi_agent_visuals/36950670.mmd,success
distil1000/multi_agent_visuals/4866605.mmd,fail
distil1000/multi_agent_visuals/11901203.mmd,success
distil1000/multi_agent_visuals/13721364.mmd,success
distil1000/multi_agent_visuals/39871952.mmd,fail
distil1000/multi_agent_visuals/2588756.mmd,success
distil1000/multi_agent_visuals/39365105.mmd,success
distil1000/multi_agent_visuals/6192755.mmd,fail
distil1000/multi_agent_visuals/38842054.mmd,success
distil1000/multi_agent_visuals/12836840.mmd,success
distil1000/multi_agent_visuals/17557031.mmd,success
distil1000/multi_agent_visuals/23833148.mmd,success
distil1000/multi_agent_visuals/10748640.mmd,success
distil1000/multi_agent_visuals/7564848.mmd,success
distil1000/multi_agent_visuals/18731748.mmd,success
distil1000/multi_agent_visuals/26187673.mmd,success
distil1000/multi_agent_visuals/6548523.mmd,success
distil1000/multi_agent_visuals/4036315.mmd,success
distil1000/multi_agent_visuals/7253677.mmd,fail
distil1000/multi_agent_visuals/7341918.mmd,success
distil1000/multi_agent_visuals/35386764.mmd,success
distil1000/multi_agent_visuals/487951.mmd,success
distil1000/multi_agent_visuals/20258251.mmd,success
distil1000/multi_agent_visuals/39490711.mmd,success
distil1000/multi_agent_visuals/28918691.mmd,success
distil1000/multi_agent_visuals/4444602.mmd,success
distil1000/multi_agent_visuals/41204744.mmd,success
distil1000/multi_agent_visuals/15400894.mmd,success
distil1000/multi_agent_visuals/3981602.mmd,success
distil1000/multi_agent_visuals/25042445.mmd,fail
distil1000/multi_agent_visuals/12057585.mmd,fail
distil1000/multi_agent_visuals/22640737.mmd,success
distil1000/multi_agent_visuals/10503943.mmd,success
distil1000/multi_agent_visuals/11695468.mmd,success
distil1000/multi_agent_visuals/396191.mmd,success
distil1000/multi_agent_visuals/11957442.mmd,success
distil1000/multi_agent_visuals/42440431.mmd,fail
distil1000/multi_agent_visuals/11682882.mmd,success
distil1000/multi_agent_visuals/10507258.mmd,success
distil1000/multi_agent_visuals/2593017.mmd,success
distil1000/multi_agent_visuals/10144814.mmd,success
distil1000/multi_agent_visuals/7521872.mmd,fail
distil1000/multi_agent_visuals/9106572.mmd,success
distil1000/multi_agent_visuals/38016721.mmd,success
distil1000/multi_agent_visuals/39756505.mmd,success
distil1000/multi_agent_visuals/2054185.mmd,success
distil1000/multi_agent_visuals/3550267_visual.mmd,success
distil1000/multi_agent_visuals/21487384.mmd,fail
distil1000/multi_agent_visuals/7824171.mmd,success
distil1000/multi_agent_visuals/39906267.mmd,success
distil1000/multi_agent_visuals/5562317.mmd,success
distil1000/multi_agent_visuals/1678600.mmd,success
distil1000/multi_agent_visuals/6254810.mmd,success
distil1000/multi_agent_visuals/18127164.mmd,success
distil1000/multi_agent_visuals/10068045.mmd,success
distil1000/multi_agent_visuals/34584837.mmd,fail
distil1000/multi_agent_visuals/10306526.mmd,success
distil1000/multi_agent_visuals/28848476.mmd,success
distil1000/multi_agent_visuals/16978573.mmd,success
distil1000/multi_agent_visuals/2304938.mmd,success
distil1000/multi_agent_visuals/6718224.mmd,success
distil1000/multi_agent_visuals/34390984.mmd,success
distil1000/multi_agent_visuals/39997190.mmd,fail
distil1000/multi_agent_visuals/8084711.mmd,success
distil1000/multi_agent_visuals/22582632.mmd,success
distil1000/multi_agent_visuals/3725948.mmd,success
distil1000/multi_agent_visuals/21578033.mmd,fail
distil1000/multi_agent_visuals/35462686.mmd,success
distil1000/multi_agent_visuals/20549689.mmd,success
distil1000/multi_agent_visuals/12362578.mmd,success
distil1000/multi_agent_visuals/2951523.mmd,success
distil1000/multi_agent_visuals/8182600.mmd,success
distil1000/multi_agent_visuals/30544070.mmd,success
distil1000/multi_agent_visuals/25360895.mmd,success
distil1000/multi_agent_visuals/12462082.mmd,fail
distil1000/multi_agent_visuals/20805026.mmd,success
distil1000/multi_agent_visuals/16681483.mmd,fail
distil1000/multi_agent_visuals/11794997.mmd,success
distil1000/multi_agent_visuals/16144221.mmd,success
distil1000/multi_agent_visuals/8174431.mmd,success
distil1000/multi_agent_visuals/13052302.mmd,success
distil1000/multi_agent_visuals/16037436.mmd,success
distil1000/multi_agent_visuals/33560723.mmd,success
distil1000/multi_agent_visuals/2983515.mmd,success
distil1000/multi_agent_visuals/30212131.mmd,success
distil1000/multi_agent_visuals/34352948.mmd,fail
distil1000/multi_agent_visuals/8343812.mmd,success
distil1000/multi_agent_visuals/480181.mmd,success
distil1000/multi_agent_visuals/16237698.mmd,success
distil1000/multi_agent_visuals/11003250.mmd,fail
distil1000/multi_agent_visuals/14458872.mmd,success
distil1000/multi_agent_visuals/16789342.mmd,success
distil1000/multi_agent_visuals/4484582.mmd,success
distil1000/multi_agent_visuals/42616543.mmd,success
distil1000/multi_agent_visuals/13139010.mmd,success
distil1000/multi_agent_visuals/15111375.mmd,fail
distil1000/multi_agent_visuals/31155115.mmd,success
distil1000/multi_agent_visuals/20071912.mmd,success
distil1000/multi_agent_visuals/10052690.mmd,fail
distil1000/multi_agent_visuals/21499182.mmd,success
distil1000/multi_agent_visuals/11509038.mmd,success
distil1000/multi_agent_visuals/68318.mmd,success
distil1000/multi_agent_visuals/27261908.mmd,success
distil1000/multi_agent_visuals/12423424.mmd,fail
distil1000/multi_agent_visuals/21468184.mmd,success
distil1000/multi_agent_visuals/39311330.mmd,success
distil1000/multi_agent_visuals/8048256.mmd,success
distil1000/multi_agent_visuals/11516078.mmd,success
distil1000/multi_agent_visuals/15668994.mmd,fail
distil1000/multi_agent_visuals/4832119.mmd,success
distil1000/multi_agent_visuals/8374477.mmd,success
distil1000/multi_agent_visuals/3155773.mmd,success
distil1000/multi_agent_visuals/4814445.mmd,success
distil1000/multi_agent_visuals/22944170.mmd,success
distil1000/multi_agent_visuals/35145020.mmd,fail
distil1000/multi_agent_visuals/34809033.mmd,fail
distil1000/multi_agent_visuals/42425911.mmd,fail
distil1000/multi_agent_visuals/28326815.mmd,success
distil1000/multi_agent_visuals/29528784.mmd,success
distil1000/multi_agent_visuals/19615100.mmd,success
distil1000/multi_agent_visuals/13539435.mmd,fail
distil1000/multi_agent_visuals/18993455.mmd,fail
distil1000/multi_agent_visuals/33373117.mmd,success
distil1000/multi_agent_visuals/8857697.mmd,success
distil1000/multi_agent_visuals/38929975.mmd,success
distil1000/multi_agent_visuals/3220356.mmd,success
distil1000/multi_agent_visuals/30681156.mmd,success
distil1000/multi_agent_visuals/16185324.mmd,success
distil1000/multi_agent_visuals/36049189.mmd,success
distil1000/multi_agent_visuals/11901004.mmd,success
distil1000/multi_agent_visuals/11903161.mmd,fail
distil1000/multi_agent_visuals/10739532.mmd,success
distil1000/multi_agent_visuals/18732279.mmd,success
distil1000/multi_agent_visuals/2986452.mmd,success
distil1000/multi_agent_visuals/12763247.mmd,success
distil1000/multi_agent_visuals/31788676.mmd,success
distil1000/multi_agent_visuals/6481256.mmd,success
distil1000/multi_agent_visuals/3954628.mmd,success
distil1000/multi_agent_visuals/16908284.mmd,fail
distil1000/multi_agent_visuals/21575129.mmd,success
distil1000/multi_agent_visuals/36300450.mmd,success
distil1000/multi_agent_visuals/16716138.mmd,fail
distil1000/multi_agent_visuals/8487823.mmd,success
distil1000/multi_agent_visuals/30066408.mmd,fail
distil1000/multi_agent_visuals/20093599.mmd,success
distil1000/multi_agent_visuals/9758646.mmd,success
distil1000/multi_agent_visuals/8076556.mmd,fail
distil1000/multi_agent_visuals/3849296.mmd,success
distil1000/multi_agent_visuals/6680292.mmd,success
distil1000/multi_agent_visuals/33455639.mmd,success
distil1000/multi_agent_visuals/31875057.mmd,success
distil1000/multi_agent_visuals/14707260.mmd,success
distil1000/multi_agent_visuals/34869713.mmd,success
distil1000/multi_agent_visuals/24768332.mmd,fail
distil1000/multi_agent_visuals/21259539.mmd,success
distil1000/multi_agent_visuals/6734253.mmd,success
distil1000/multi_agent_visuals/20739412.mmd,fail
distil1000/multi_agent_visuals/13638093.mmd,success
distil1000/multi_agent_visuals/30793087.mmd,success
distil1000/multi_agent_visuals/486387.mmd,success
distil1000/multi_agent_visuals/19867670.mmd,success
distil1000/multi_agent_visuals/43026144.mmd,success
distil1000/multi_agent_visuals/1436825.mmd,success
distil1000/multi_agent_visuals/196834.mmd,success
distil1000/multi_agent_visuals/25242890.mmd,success
distil1000/multi_agent_visuals/42151998.mmd,success
distil1000/multi_agent_visuals/43148676.mmd,success
distil1000/multi_agent_visuals/34368657.mmd,success
distil1000/multi_agent_visuals/40172131.mmd,fail
distil1000/multi_agent_visuals/15970387.mmd,success
distil1000/multi_agent_visuals/18779020.mmd,success
distil1000/multi_agent_visuals/12160771.mmd,success
distil1000/multi_agent_visuals/38812403.mmd,success
distil1000/multi_agent_visuals/11218861.mmd,success
distil1000/multi_agent_visuals/42387779.mmd,success
distil1000/multi_agent_visuals/36237072.mmd,success
distil1000/multi_agent_visuals/10036602.mmd,fail
distil1000/multi_agent_visuals/1451539.mmd,success
distil1000/multi_agent_visuals/6863827.mmd,success
distil1000/multi_agent_visuals/14251328.mmd,success
distil1000/multi_agent_visuals/29338378.mmd,success
distil1000/multi_agent_visuals/12479954.mmd,success
distil1000/multi_agent_visuals/10565251.mmd,success
distil1000/multi_agent_visuals/18643424.mmd,fail
distil1000/multi_agent_visuals/29233371.mmd,success
distil1000/multi_agent_visuals/20322788.mmd,success
distil1000/multi_agent_visuals/3892345.mmd,success
distil1000/multi_agent_visuals/27176661.mmd,success
distil1000/multi_agent_visuals/8683090.mmd,success
distil1000/multi_agent_visuals/14175346.mmd,success
distil1000/multi_agent_visuals/41966016.mmd,success
distil1000/multi_agent_visuals/39850691.mmd,success
distil1000/multi_agent_visuals/12081161.mmd,success
distil1000/multi_agent_visuals/25708010.mmd,success
distil1000/multi_agent_visuals/37827809.mmd,success
distil1000/multi_agent_visuals/13602318.mmd,success
distil1000/multi_agent_visuals/3652750.mmd,success
distil1000/multi_agent_visuals/29399173.mmd,success
distil1000/multi_agent_visuals/1435693.mmd,success
distil1000/multi_agent_visuals/12992946.mmd,success
distil1000/multi_agent_visuals/785190.mmd,success
distil1000/multi_agent_visuals/7477255.ipynb.mmd,success
distil1000/multi_agent_visuals/13908748.mmd,success
distil1000/multi_agent_visuals/29052047.mmd,success
distil1000/multi_agent_visuals/11648859.mmd,success
distil1000/multi_agent_visuals/1176830.mmd,success
distil1000/multi_agent_visuals/42110694.mmd,success
distil1000/multi_agent_visuals/25291573.mmd,success
distil1000/multi_agent_visuals/9316751.mmd,success
distil1000/multi_agent_visuals/10319470.mmd,success
distil1000/multi_agent_visuals/21528510.mmd,success
distil1000/multi_agent_visuals/22302169.mmd,success
distil1000/multi_agent_visuals/5984287.mmd,success
distil1000/multi_agent_visuals/10908608.mmd,success
distil1000/multi_agent_visuals/13232825.mmd,success
distil1000/multi_agent_visuals/3830453.mmd,success
distil1000/multi_agent_visuals/12168893.mmd,success
distil1000/multi_agent_visuals/3662043.mmd,fail
distil1000/multi_agent_visuals/2230803.mmd,success
distil1000/multi_agent_visuals/24561297.mmd,success
distil1000/multi_agent_visuals/31718599.mmd,success
distil1000/multi_agent_visuals/32917250.mmd,success
distil1000/multi_agent_visuals/637469.mmd,success
distil1000/multi_agent_visuals/7344551.mmd,success
distil1000/multi_agent_visuals/22123452.mmd,success
distil1000/multi_agent_visuals/24034288.mmd,success
distil1000/multi_agent_visuals/11752800.mmd,success
distil1000/multi_agent_visuals/34047975.mmd,success
distil1000/multi_agent_visuals/14771191.mmd,fail
distil1000/multi_agent_visuals/34309491.mmd,success
distil1000/multi_agent_visuals/1656616.mmd,success
distil1000/multi_agent_visuals/24484347.mmd,success
distil1000/multi_agent_visuals/14808249.mmd,success
distil1000/multi_agent_visuals/10133195.mmd,fail
distil1000/multi_agent_visuals/30215771.mmd,success
distil1000/multi_agent_visuals/13285095.mmd,success
distil1000/multi_agent_visuals/25881564.mmd,fail
distil1000/multi_agent_visuals/642179.mmd,success
distil1000/multi_agent_visuals/20813394.mmd,success
distil1000/multi_agent_visuals/3376004.mmd,success
distil1000/multi_agent_visuals/13066749.mmd,success
distil1000/multi_agent_visuals/23817515.mmd,fail
distil1000/multi_agent_visuals/2095783.mmd,fail
distil1000/multi_agent_visuals/31663488.mmd,success
distil1000/multi_agent_visuals/35911325.mmd,success
distil1000/multi_agent_visuals/9337573.mmd,success
distil1000/multi_agent_visuals/19756.mmd,fail
distil1000/multi_agent_visuals/24944317.mmd,success
distil1000/multi_agent_visuals/1816217.mmd,success
distil1000/multi_agent_visuals/26897905.mmd,success
distil1000/multi_agent_visuals/23873285.mmd,success
distil1000/multi_agent_visuals/35660106.mmd,success
distil1000/multi_agent_visuals/806928.mmd,success
distil1000/multi_agent_visuals/41225894.mmd,fail
distil1000/multi_agent_visuals/179028.mmd,success
distil1000/multi_agent_visuals/31539515.mmd,success
distil1000/multi_agent_visuals/3280220.mmd,success
distil1000/multi_agent_visuals/18259470.mmd,fail
distil1000/multi_agent_visuals/1418659.mmd,success
distil1000/multi_agent_visuals/35963017.mmd,fail
distil1000/multi_agent_visuals/11650431.mmd,fail
distil1000/multi_agent_visuals/25828683.mmd,success
distil1000/multi_agent_visuals/2023111_visual.mmd,success
distil1000/multi_agent_visuals/28941839.mmd,success
distil1000/multi_agent_visuals/16482965.mmd,success
distil1000/multi_agent_visuals/27961175.mmd,success
distil1000/multi_agent_visuals/2849901.mmd,success
distil1000/multi_agent_visuals/441581.mmd,fail
distil1000/multi_agent_visuals/3522627.mmd,success
distil1000/multi_agent_visuals/23018918.mmd,success
distil1000/multi_agent_visuals/39066163.mmd,success
distil1000/multi_agent_visuals/27443167.mmd,fail
distil1000/multi_agent_visuals/32534171.mmd,success
distil1000/multi_agent_visuals/5428669.mmd,success
distil1000/multi_agent_visuals/6656887.mmd,success
distil1000/multi_agent_visuals/4856403.mmd,success
distil1000/multi_agent_visuals/34272740.mmd,success
distil1000/multi_agent_visuals/7388980.mmd,success
distil1000/multi_agent_visuals/1591135.mmd,success
distil1000/multi_agent_visuals/619381.mmd,success
distil1000/multi_agent_visuals/640223.mmd,success
distil1000/multi_agent_visuals/29084188.mmd,success
distil1000/multi_agent_visuals/1387283.mmd,success
distil1000/multi_agent_visuals/44179804.mmd,fail
distil1000/multi_agent_visuals/41487103.mmd,success
distil1000/multi_agent_visuals/4471812.mmd,success
distil1000/multi_agent_visuals/12490274.mmd,success
distil1000/multi_agent_visuals/1387268.mmd,success
distil1000/multi_agent_visuals/36113780.mmd,success
distil1000/multi_agent_visuals/8366990.mmd,success
distil1000/multi_agent_visuals/20592599.mmd,success
distil1000/multi_agent_visuals/18341605.mmd,success
distil1000/multi_agent_visuals/6008552.mmd,success
distil1000/multi_agent_visuals/2847721.mmd,success
distil1000/multi_agent_visuals/17715961.mmd,success
distil1000/multi_agent_visuals/14605788.mmd,fail
distil1000/multi_agent_visuals/25616160.mmd,success
distil1000/multi_agent_visuals/11839507.mmd,success
distil1000/multi_agent_visuals/4586691.mmd,success
distil1000/multi_agent_visuals/14769336.mmd,fail
distil1000/multi_agent_visuals/453385.mmd,success
distil1000/multi_agent_visuals/26161144.mmd,success
distil1000/multi_agent_visuals/25442007.mmd,fail
distil1000/multi_agent_visuals/16296962.mmd,success
distil1000/multi_agent_visuals/19736618.mmd,success
distil1000/multi_agent_visuals/2304593.mmd,success
distil1000/multi_agent_visuals/8788063.mmd,success
distil1000/multi_agent_visuals/12251935.mmd,success
distil1000/multi_agent_visuals/6650832.mmd,success
distil1000/multi_agent_visuals/15056506.mmd,success
distil1000/multi_agent_visuals/2699445.mmd,success
distil1000/multi_agent_visuals/13103886.mmd,success
distil1000/multi_agent_visuals/1619729.mmd,success
distil1000/multi_agent_visuals/28777205.mmd,success
distil1000/multi_agent_visuals/25170901.mmd,success
distil1000/multi_agent_visuals/13481496.mmd,success
distil1000/multi_agent_visuals/3800742.mmd,fail
distil1000/multi_agent_visuals/18962169.mmd,success
distil1000/multi_agent_visuals/34078229.mmd,success
distil1000/multi_agent_visuals/9486718.mmd,success
distil1000/multi_agent_visuals/32940252.mmd,success
distil1000/multi_agent_visuals/25196499.mmd,success
distil1000/multi_agent_visuals/26552383.mmd,success
distil1000/multi_agent_visuals/2903980.mmd,fail
distil1000/multi_agent_visuals/4389673.mmd,success
distil1000/multi_agent_visuals/3764795.mmd,success
distil1000/multi_agent_visuals/26211234.mmd,success
distil1000/multi_agent_visuals/15386614.mmd,success
distil1000/multi_agent_visuals/25083527.mmd,success
distil1000/multi_agent_visuals/16146696.mmd,success
distil1000/multi_agent_visuals/3155773_fixed.mmd,success
distil1000/multi_agent_visuals/8572759.mmd,success
